<?xml version="1.0" encoding="UTF-8"?>
<FirmwareFiles>
	<firmware model="IP2CC">
		<firmware_file type="Initial">710-1008-01.TXT</firmware_file>
		<firmware_file type="Update">710-1008-05.TXT</firmware_file>
		<web_files>
			<file type="bin">iTachIP2CC.bin</file>
		</web_files>
	</firmware>
	<firmware model="IP2IR">
		<firmware_file type="Initial">710-1005-01.TXT</firmware_file>
		<firmware_file type="Update">710-1005-05.TXT</firmware_file>
		<web_files>
			<file type="bin">iTachIP2IR.bin</file>
		</web_files>
	</firmware>
	<firmware model="IP2SL">
		<firmware_file type="Initial">710-1009-01.TXT</firmware_file>
		<firmware_file type="Update">710-1009-05.TXT</firmware_file>
		<web_files>
			<file type="bin">iTachIP2SL.bin</file>
		</web_files>
	</firmware>
	<firmware model="WF2CC">
		<firmware_file type="Initial">710-1010-01.TXT</firmware_file>
		<firmware_file type="Update">710-1010-05.TXT</firmware_file>
		<web_files>
			<file type="bin">iTachWF2CC.bin</file>
		</web_files>
	</firmware>
	<firmware model="WF2IR">
		<firmware_file type="Initial">710-1001-01.TXT</firmware_file>
		<firmware_file type="Update">710-1001-05.TXT</firmware_file>
		<web_files>
			<file type="bin">iTachWF2IR.bin</file>
		</web_files>
	</firmware>
	<firmware model="WF2SL">
		<firmware_file type="Initial">710-1007-01.TXT</firmware_file>
		<firmware_file type="Update">710-1007-05.TXT</firmware_file>
		<web_files>
			<file type="bin">iTachWF2SL.bin</file>
		</web_files>
	</firmware>
	<firmware model="iTach Ethernet">
		<firmware_file type="Intermediate">iTachFlexEthernetIntermediate.TXT</firmware_file>
		<firmware_file type="Binary">iTachFlexEthernet.bin</firmware_file>
		<web_files>
			<file type="gz">ajax-loader.gif.gz</file>
			<file type="gz">favicon.ico.gz</file>
			<file type="gz">icons-18-white.png.gz</file>
			<file type="gz">index.htm.gz</file>
			<file type="gz">index.js.gz</file>
			<file type="gz">jquery.js.gz</file>
			<file type="gz">jquery.mobile.css.gz</file>
			<file type="gz">jquery.mobile.js.gz</file>
			<file type="gz">json2.js.gz</file>
			<file type="gz">logo.png.gz</file>
			<file type="gz">oem.css.gz</file>
			<file type="gz">OEMConfig.json.gz</file>
			<file type="gz">relays.png.gz</file>
			<file type="gz">signalstr.png.gz</file>
			<file type="gz">style.css.gz</file>
			<file type="html">success.html</file>
		</web_files>
	</firmware>
	<firmware model="iTach Wifi">
		<firmware_file type="Intermediate">iTachFlexWifiIntermediate.TXT</firmware_file>
		<firmware_file type="Binary">iTachFlexWifi.bin</firmware_file>
		<web_files>
			<file type="gz">ajax-loader.gif.gz</file>
			<file type="gz">favicon.ico.gz</file>
			<file type="gz">icons-18-white.png.gz</file>
			<file type="gz">index.htm.gz</file>
			<file type="gz">index.js.gz</file>
			<file type="gz">jquery.js.gz</file>
			<file type="gz">jquery.mobile.css.gz</file>
			<file type="gz">jquery.mobile.js.gz</file>
			<file type="gz">json2.js.gz</file>
			<file type="gz">logo.png.gz</file>
			<file type="gz">oem.css.gz</file>
			<file type="gz">OEMConfig.json.gz</file>
			<file type="gz">relays.png.gz</file>
			<file type="gz">signalstr.png.gz</file>
			<file type="gz">style.css.gz</file>
			<file type="html">success.html</file>
		</web_files>
	</firmware>
</FirmwareFiles>
